,,,,,,,,,,,,,
,,,,,,,,,,,,,
,,,,,,,,,,,,,
,,,,,,,,,,,,,
,,,,,Product category,Year,Notification type,Risk,Notified by,Action taken,Distribution status,Risk decision,Country of origin
,,,,,meat and meat products (other than poultry),5/8/1999,information,,Norway,import not authorised,,undecided,Botswana
,,,,,meat and meat products (other than poultry),24/8/1999,information,,Norway,import not authorised,,undecided,Botswana
,,,,,meat and meat products (other than poultry),24/9/1999,information,,Norway,import not authorised,,undecided,Botswana
,,,,,meat and meat products (other than poultry),11/6/2001,information,,Norway,import not authorised,,undecided,Botswana
,,,,,meat and meat products (other than poultry),21/6/2001,information,,Norway,import not authorised,,undecided,Botswana
,,,,,meat and meat products (other than poultry),21/6/2001,information,,Norway,import not authorised,,undecided,Botswana
,,,,,meat and meat products (other than poultry),27/7/2001,information,,Norway,import not authorised,,undecided,Botswana
,,,,,meat and meat products (other than poultry),31/1/2002,information,,Norway,import not authorised,,undecided,Botswana
,,,,,meat and meat products (other than poultry),13/3/2002,information,,Norway,import not authorised,,undecided,Botswana
,,,,,meat and meat products (other than poultry),16/9/2002,information,,Norway,import not authorised,,undecided,Botswana
,,,,,meat and meat products (other than poultry),5/3/2003,information,,Norway,import not authorised,,undecided,Botswana
,,,,,meat and meat products (other than poultry),14/8/2003,information,border control - consignment detained,Norway,re-dispatch,,undecided,Botswana
,,,,,meat and meat products (other than poultry),19/12/2003,information,border control - consignment detained,Norway,destruction,,undecided,Botswana
,,,,,meat and meat products (other than poultry),19/1/2004,information,border control - consignment detained,Norway,destruction,,undecided,Botswana
,,,,,meat and meat products (other than poultry),13/10/2004,information,official control on the market,Norway,return to consignor,distribution restricted to notifying country,undecided,Botswana
,,,,,meat and meat products (other than poultry),14/10/2004,information,official control on the market,Norway,return to consignor,distribution restricted to notifying country,undecided,Botswana
,,,,,meat and meat products (other than poultry),18/10/2004,information,border control - consignment detained,Norway,re-dispatch,no distribution,undecided,Botswana
,,,,,meat and meat products (other than poultry),4/11/2004,information,official control on the market,Norway,re-dispatch,distribution restricted to notifying country,undecided,Botswana
,,,,,meat and meat products (other than poultry),8/11/2004,information,official control on the market,Norway,prohibition to trade - sales ban,distribution restricted to notifying country,undecided,Botswana
,,,,,meat and meat products (other than poultry),9/11/2004,alert,official control on the market,Norway,re-dispatch,distribution on the market (possible),undecided,Botswana
,,,,,meat and meat products (other than poultry),15/11/2004,information,official control on the market,Norway,destruction,distribution restricted to notifying country,undecided,Botswana
,,,,,meat and meat products (other than poultry),16/11/2004,information,official control on the market,Norway,re-dispatch,distribution restricted to notifying country,undecided,Botswana
,,,,,meat and meat products (other than poultry),16/11/2004,information,official control on the market,Norway,re-dispatch,no distribution,undecided,Botswana
,,,,,meat and meat products (other than poultry),3/12/2004,alert,official control on the market,Norway,product recall or withdrawal,distribution on the market (possible),undecided,Botswana
,,,,,meat and meat products (other than poultry),20/12/2004,information,official control on the market,Norway,prohibition to trade - sales ban,distribution restricted to notifying country,undecided,Botswana
,,,,,meat and meat products (other than poultry),12/12/2005,alert,official control on the market,Norway,product recall or withdrawal,distribution on the market (possible),undecided,Botswana
,,,,,meat and meat products (other than poultry),23/12/2005,information,official control on the market,Norway,prohibition to trade - sales ban,no distribution,undecided,Botswana
,,,,,"nuts, nut products and seeds",14/7/2005,information,border control - consignment released,Germany,return to consignor,no distribution,undecided,Burkina Faso
,,,,,"nuts, nut products and seeds",5/3/2008,alert,official control on the market,United Kingdom,recall from consumers,distribution on the market (possible),undecided,Burkina Faso
,,,,,"nuts, nut products and seeds",30/3/2012,border rejection,border control - consignment detained,Italy,re-dispatch,no distribution,undecided,Burkina Faso
,,,,,"nuts, nut products and seeds",21/3/2017,border rejection,border control - consignment detained,Greece,re-dispatch,product not (yet) placed on the market,serious,Burkina Faso
,,,,,"nuts, nut products and seeds",31/3/2017,border rejection,border control - consignment detained,Greece,re-dispatch,product not (yet) placed on the market,serious,Burkina Faso
,,,,,"nuts, nut products and seeds",30/7/2018,alert,official control on the market,Poland,informing recipient(s),distribution to other member countries,serious,Burkina Faso
,,,,,"nuts, nut products and seeds",7/11/2018,information for attention,official control on the market,Poland,,distribution restricted to notifying country,serious,Burkina Faso
,,,,,"nuts, nut products and seeds",16/11/2018,alert,official control on the market,Poland,withdrawal from the market,distribution to other member countries,serious,Burkina Faso
,,,,,"dietetic foods, food supplements, fortified foods",2/12/2019,border rejection,border control - consignment detained,Luxembourg,destruction,product not (yet) placed on the market,serious,Burkina Faso
,,,,,"nuts, nut products and seeds",14/2/2019,border rejection,border control - consignment detained,Greece,official detention,product not (yet) placed on the market,serious,Chad
,,,,,fish and fish products,10/11/1999,information,,France,import not authorised,,undecided,Cote d'Ivoire
,,,,,fish and fish products,5/7/2000,information,,France,import not authorised,,undecided,Cote d'Ivoire
,,,,,"cocoa and cocoa preparations, coffee and tea",16/1/2012,border rejection,border control - consignment detained,Greece,official detention,no distribution,undecided,Cote d'Ivoire
,,,,,fish and fish products,7/4/2010,information,border control - consignment released,Italy,reinforced checking,no distribution,undecided,Cote d'Ivoire
,,,,,fish and fish products,17/5/2010,border rejection,border control - consignment detained,Italy,re-dispatch,no distribution,undecided,Cote d'Ivoire
,,,,,"cocoa and cocoa preparations, coffee and tea",18/1/2017,alert,company's own check,Germany,detained by operator,distribution to other member countries,serious,Cote d'Ivoire
,,,,,confectionery,23/12/2003,information,border control - consignment detained,Italy,re-dispatch,,undecided,Egypt
,,,,,herbs and spices,1/6/2004,information,border control - consignment detained,Poland,seizure,,undecided,Egypt
,,,,,herbs and spices,13/7/2004,alert,official control on the market,Germany,product recall or withdrawal,,undecided,Egypt
,,,,,molluscs and products thereof - (obsolete),22/4/2005,information,border control - consignment detained,Italy,re-dispatch,no distribution,undecided,Egypt
,,,,,herbs and spices,23/6/2005,information,border control - consignment detained,Poland,re-dispatch,no distribution,undecided,Egypt
,,,,,herbs and spices,26/10/2006,information,border control - consignment detained,Italy,re-dispatch,no distribution,undecided,Egypt
,,,,,herbs and spices,20/6/2007,alert,official control on the market,Belgium,withdrawal from recipient(s),distribution on the market (possible),undecided,Egypt
,,,,,"cocoa and cocoa preparations, coffee and tea",24/10/2007,alert,company's own check,United Kingdom,withdrawal from the market,distribution on the market (possible),undecided,Egypt
,,,,,herbs and spices,22/1/2008,information,border control - consignment released,United Kingdom,physical treatment - heat treatment,distribution restricted to notifying country,undecided,Egypt
,,,,,"nuts, nut products and seeds",3/7/2009,alert,official control on the market,Germany,return to consignor,distribution on the market (possible),undecided,Egypt
,,,,,herbs and spices,29/3/2010,border rejection,border control - consignment detained,Italy,re-dispatch,no distribution,undecided,Egypt
,,,,,herbs and spices,17/6/2011,information for follow-up,official control on the market,United Kingdom,no action taken,distribution to other member countries,undecided,Egypt
,,,,,herbs and spices,31/10/2012,alert,official control on the market,Denmark,informing recipient(s),distribution to other member countries,serious,Egypt
,,,,,herbs and spices,10/11/2014,border rejection,border control - consignment under customs,Italy,informing consignor,product allowed to travel to destination under customs seals,serious,Egypt
,,,,,herbs and spices,14/11/2014,information for attention,official control on the market,Poland,withdrawal from the market,distribution restricted to notifying country,serious,Egypt
,,,,,herbs and spices,11/12/2015,alert,company's own check,United Kingdom,informing recipient(s),distribution to other member countries,serious,Egypt
,,,,,herbs and spices,22/2/2016,alert,official control on the market,Germany,recall from consumers,distribution to other member countries,serious,Egypt
,,,,,herbs and spices,14/7/2017,information for attention,company's own check,Belgium,return to consignor,distribution restricted to notifying country,serious,Egypt
,,,,,herbs and spices,28/8/2017,alert,official control on the market,Germany,recall from consumers,distribution to other member countries,serious,Egypt
,,,,,herbs and spices,1/9/2017,alert,official control on the market,Ireland,recall from consumers,distribution to other member countries,serious,Egypt
,,,,,herbs and spices,3/10/2017,information for attention,border control - consignment released,Spain,,distribution restricted to notifying country,serious,Egypt
,,,,,herbs and spices,26/10/2017,alert,official control on the market,Ireland,recall from consumers,distribution to other member countries,serious,Egypt
,,,,,herbs and spices,7/6/2018,alert,official control on the market,Spain,physical/chemical treatment,distribution to other member countries,serious,Egypt
,,,,,herbs and spices,14/8/2019,alert,official control on the market,Poland,destruction,distribution to other member countries,serious,Egypt
,,,,,herbs and spices,30/10/2019,information for attention,official control on the market,Poland,withdrawal from the market,distribution restricted to notifying country,serious,Egypt
,,,,,meat and meat products (other than poultry),21/2/2012,border rejection,border control - consignment detained,Norway,physical/chemical treatment,no distribution,undecided,Eswatini
,,,,,"nuts, nut products and seeds",17/7/2007,information,official control on the market,Greece,destruction,distribution restricted to notifying country,undecided,Ethiopia
,,,,,"nuts, nut products and seeds",4/5/2010,border rejection,border control - consignment detained,Greece,re-dispatch,no distribution,undecided,Ethiopia
,,,,,"nuts, nut products and seeds",20/3/2017,border rejection,border control - consignment detained,Greece,re-dispatch,product not (yet) placed on the market,serious,Ethiopia
,,,,,"nuts, nut products and seeds",21/4/2017,border rejection,border control - consignment detained,Greece,re-dispatch,product not (yet) placed on the market,serious,Ethiopia
,,,,,"nuts, nut products and seeds",15/11/2017,border rejection,border control - consignment detained,Greece,re-dispatch,product not (yet) placed on the market,serious,Ethiopia
,,,,,"nuts, nut products and seeds",23/2/2018,border rejection,border control - consignment detained,Greece,re-dispatch,product not (yet) placed on the market,serious,Ethiopia
,,,,,"nuts, nut products and seeds",9/3/2018,border rejection,border control - consignment detained,Greece,official detention,product not (yet) placed on the market,serious,Ethiopia
,,,,,"nuts, nut products and seeds",3/4/2018,border rejection,border control - consignment detained,Greece,official detention,product not (yet) placed on the market,serious,Ethiopia
,,,,,"nuts, nut products and seeds",24/4/2018,border rejection,border control - consignment detained,Greece,re-dispatch,product not (yet) placed on the market,serious,Ethiopia
,,,,,"nuts, nut products and seeds",7/6/2018,border rejection,border control - consignment detained,Greece,import not authorised,product not (yet) placed on the market,serious,Ethiopia
,,,,,"nuts, nut products and seeds",13/6/2018,border rejection,border control - consignment detained,Greece,official detention,product not (yet) placed on the market,serious,Ethiopia
,,,,,"nuts, nut products and seeds",14/2/2019,border rejection,border control - consignment detained,Greece,,product not (yet) placed on the market,serious,Ethiopia
,,,,,"nuts, nut products and seeds",11/4/2019,border rejection,border control - consignment detained,Greece,re-dispatch,product not (yet) placed on the market,serious,Ethiopia
,,,,,"nuts, nut products and seeds",15/4/2019,border rejection,border control - consignment detained,Greece,re-dispatch,product not (yet) placed on the market,serious,Ethiopia
,,,,,"nuts, nut products and seeds",19/4/2019,border rejection,border control - consignment detained,Greece,import not authorised,product not (yet) placed on the market,serious,Ethiopia
,,,,,"nuts, nut products and seeds",2/5/2019,border rejection,border control - consignment detained,Greece,re-dispatch,product not (yet) placed on the market,serious,Ethiopia
,,,,,"nuts, nut products and seeds",20/5/2019,border rejection,border control - consignment detained,Greece,re-dispatch,product not (yet) placed on the market,serious,Ethiopia
,,,,,"nuts, nut products and seeds",20/5/2019,border rejection,border control - consignment detained,Greece,import not authorised,product not (yet) placed on the market,serious,Ethiopia
,,,,,"nuts, nut products and seeds",20/5/2019,border rejection,border control - consignment detained,Greece,re-dispatch,product not (yet) placed on the market,serious,Ethiopia
,,,,,"nuts, nut products and seeds",24/5/2019,border rejection,border control - consignment detained,Greece,physical/chemical treatment,product not (yet) placed on the market,serious,Ethiopia
,,,,,"nuts, nut products and seeds",13/6/2019,border rejection,border control - consignment detained,Greece,official detention,product not (yet) placed on the market,serious,Ethiopia
,,,,,"nuts, nut products and seeds",10/7/2019,border rejection,border control - consignment detained,Greece,physical/chemical treatment,product not (yet) placed on the market,serious,Ethiopia
,,,,,"nuts, nut products and seeds",11/7/2019,border rejection,border control - consignment detained,Greece,re-dispatch,product not (yet) placed on the market,serious,Ethiopia
,,,,,"nuts, nut products and seeds",31/7/2019,border rejection,border control - consignment detained,Greece,re-dispatch,product not (yet) placed on the market,serious,Ethiopia
,,,,,"nuts, nut products and seeds",30/9/2019,border rejection,border control - consignment detained,Greece,import not authorised,product not (yet) placed on the market,serious,Ethiopia
,,,,,"nuts, nut products and seeds",11/12/2019,border rejection,border control - consignment detained,Netherlands,re-dispatch,product not (yet) placed on the market,serious,Ethiopia
,,,,,molluscs and products thereof - (obsolete),10/6/2005,information,border control - consignment detained,United Kingdom,destruction,no distribution,undecided,Ghana
,,,,,cereals and bakery products,11/7/2005,information,border control - consignment detained,Italy,re-dispatch,no distribution,undecided,Ghana
,,,,,"dietetic foods, food supplements, fortified foods",11/1/2017,information for attention,official control on the market,United Kingdom,withdrawal from recipient(s),distribution restricted to notifying country,serious,Ghana
,,,,,fish and fish products,22/1/1999,information,,France,,,undecided,Guinea
,,,,,fish and fish products,13/10/1999,information,,France,import not authorised,,undecided,Guinea
,,,,,fish and fish products,7/4/2000,information,,France,import not authorised,,undecided,Guinea
,,,,,fish and fish products,1/2/1999,information,,Germany,seizure,,undecided,Kenya
,,,,,fish and fish products,1/2/1999,information,,Germany,seizure,,undecided,Kenya
,,,,,fish and fish products,26/3/2003,information,border control - consignment detained,Italy,import not authorised,,undecided,Kenya
,,,,,fish and fish products,21/8/2003,information,border control - consignment detained,Italy,destruction,,undecided,Kenya
,,,,,fish and fish products,28/12/2006,information,border control - consignment released,Germany,reinforced checking,product already consumed,undecided,Kenya
,,,,,fish and fish products,19/1/2007,alert,border control - consignment released,Germany,,distribution on the market (possible),undecided,Kenya
,,,,,fish and fish products,22/9/2008,information,border control - consignment released,Italy,reinforced checking,distribution on the market (possible),undecided,Kenya
,,,,,fish and fish products,29/9/2008,border rejection,border control - consignment detained,Italy,destruction,no distribution,undecided,Kenya
,,,,,fish and fish products,20/11/2008,information,border control - consignment released,Germany,destination of the product identified,distribution on the market (possible),undecided,Kenya
,,,,,fish and fish products,11/6/2010,information,border control - consignment released,Poland,informing authorities,distribution on the market (possible),undecided,Kenya
,,,,,fish and fish products,13/7/2010,information,border control - consignment released,Italy,withdrawal from the market,distribution restricted to notifying country,undecided,Kenya
,,,,,fish and fish products,9/9/2010,border rejection,border control - consignment detained,Italy,re-dispatch or destruction,no distribution,undecided,Kenya
,,,,,fish and fish products,24/6/2011,information for attention,border control - consignment released,Germany,informing recipient(s),product already consumed,undecided,Kenya
,,,,,cephalopods and products thereof,26/9/2011,border rejection,border control - consignment detained,Italy,re-dispatch or destruction,no distribution,undecided,Madagascar
,,,,,herbs and spices,15/9/2017,border rejection,border control - consignment detained,Finland,official detention,product not (yet) placed on the market,serious,Madagascar
,,,,,"nuts, nut products and seeds",3/6/2016,alert,official control on the market,Netherlands,withdrawal from recipient(s),distribution to other member countries,serious,Mali
,,,,,herbs and spices,27/8/2009,information,official control on the market,United Kingdom,physical treatment - heat treatment,distribution restricted to notifying country,undecided,Mauritius
,,,,,molluscs and products thereof - (obsolete),23/1/2003,information,border control - consignment detained,Spain,import not authorised,,undecided,Morocco
,,,,,molluscs and products thereof - (obsolete),1/7/2005,information,border control - consignment detained,Greece,re-dispatch,no distribution,undecided,Morocco
,,,,,herbs and spices,6/11/2006,alert,official control on the market,Luxembourg,informing recipient(s),distribution on the market (possible),undecided,Morocco
,,,,,cephalopods and products thereof,10/8/2009,information,border control - consignment released,Italy,withdrawal from the market,distribution restricted to notifying country,undecided,Morocco
,,,,,herbs and spices,21/1/2013,information for attention,official control on the market,United Kingdom,recall from consumers,distribution restricted to notifying country,serious,Morocco
,,,,,gastropods,11/7/2018,information for attention,official control on the market,Spain,,information on distribution not (yet) available,not serious,Morocco
,,,,,crustaceans and products thereof,22/1/1999,information,,France,,,undecided,Mozambique
,,,,,meat and meat products (other than poultry),16/10/2000,information,,Norway,import not authorised,,undecided,Namibia
,,,,,meat and meat products (other than poultry),16/5/2002,information,,Norway,import not authorised,,undecided,Namibia
,,,,,meat and meat products (other than poultry),5/6/2002,information,,Norway,import not authorised,,undecided,Namibia
,,,,,meat and meat products (other than poultry),5/6/2002,information,,Norway,import not authorised,,undecided,Namibia
,,,,,meat and meat products (other than poultry),5/6/2002,information,,Norway,import not authorised,,undecided,Namibia
,,,,,prepared dishes and snacks,11/6/2002,information,,Norway,import not authorised,,undecided,Namibia
,,,,,meat and meat products (other than poultry),9/8/2002,information,,Norway,prohibition to trade - sales ban,,undecided,Namibia
,,,,,meat and meat products (other than poultry),9/8/2002,information,,Norway,prohibition to trade - sales ban,,undecided,Namibia
,,,,,meat and meat products (other than poultry),9/8/2002,information,,Norway,prohibition to trade - sales ban,,undecided,Namibia
,,,,,meat and meat products (other than poultry),19/8/2002,information,,Norway,,,undecided,Namibia
,,,,,meat and meat products (other than poultry),27/5/2003,information,border control - consignment detained,Norway,re-dispatch,,undecided,Namibia
,,,,,meat and meat products (other than poultry),3/10/2003,information,border control - consignment detained,Norway,re-dispatch,,undecided,Namibia
,,,,,meat and meat products (other than poultry),21/11/2003,information,border control - consignment detained,Norway,destruction,,undecided,Namibia
,,,,,meat and meat products (other than poultry),15/3/2004,information,official control on the market,Norway,destruction,,undecided,Namibia
,,,,,meat and meat products (other than poultry),15/6/2004,information,border control - consignment detained,Norway,re-dispatch,,undecided,Namibia
,,,,,meat and meat products (other than poultry),5/7/2004,alert,official control on the market,Norway,prohibition to trade - sales ban,,undecided,Namibia
,,,,,meat and meat products (other than poultry),14/9/2004,information,official control on the market,Norway,prohibition to trade - sales ban,distribution restricted to notifying country,undecided,Namibia
,,,,,meat and meat products (other than poultry),15/10/2004,information,official control on the market,Norway,return to consignor,distribution restricted to notifying country,undecided,Namibia
,,,,,meat and meat products (other than poultry),26/5/2005,alert,official control on the market,Norway,product recall or withdrawal,distribution on the market (possible),undecided,Namibia
,,,,,meat and meat products (other than poultry),15/6/2005,information,border control - consignment detained,Norway,re-dispatch,no distribution,undecided,Namibia
,,,,,meat and meat products (other than poultry),21/6/2005,information,border control - consignment detained,Norway,re-dispatch,no distribution,undecided,Namibia
,,,,,meat and meat products (other than poultry),21/6/2005,information,border control - consignment detained,Norway,re-dispatch,no distribution,undecided,Namibia
,,,,,meat and meat products (other than poultry),21/6/2005,information,border control - consignment detained,Norway,re-dispatch,no distribution,undecided,Namibia
,,,,,meat and meat products (other than poultry),31/8/2005,alert,official control on the market,Norway,return to consignor,distribution on the market (possible),undecided,Namibia
,,,,,meat and meat products (other than poultry),30/1/2009,border rejection,border control - consignment detained,Norway,re-dispatch,no distribution,undecided,Namibia
,,,,,meat and meat products (other than poultry),3/2/2009,border rejection,border control - consignment detained,Norway,re-dispatch,no distribution,undecided,Namibia
,,,,,meat and meat products (other than poultry),20/4/2009,border rejection,border control - consignment detained,Norway,re-dispatch,no distribution,undecided,Namibia
,,,,,herbs and spices,30/10/2007,information,official control on the market,Poland,withdrawal from the market,distribution restricted to notifying country,undecided,Nigeria
,,,,,gastropods,26/12/2008,information,border control - consignment released,Germany,destruction,distribution restricted to notifying country,undecided,Nigeria
,,,,,herbs and spices,16/4/2012,border rejection,border control - consignment detained,Finland,destruction,no distribution,undecided,Nigeria
,,,,,herbs and spices,24/4/2012,alert,official control on the market,Germany,withdrawal from the market,distribution to other member countries,undecided,Nigeria
,,,,,"nuts, nut products and seeds",29/1/2015,border rejection,border control - consignment under customs,Italy,re-dispatch,product allowed to travel to destination under customs seals,serious,Nigeria
,,,,,"nuts, nut products and seeds",27/5/2015,border rejection,border control - consignment detained,Greece,re-dispatch,product not (yet) placed on the market,serious,Nigeria
,,,,,herbs and spices,2/6/2015,alert,official control on the market,Netherlands,withdrawal from the market,distribution restricted to notifying country,serious,Nigeria
,,,,,fruits and vegetables,6/8/2015,alert,official control on the market,Germany,withdrawal from the market,information on distribution not (yet) available,serious,Nigeria
,,,,,fruits and vegetables,23/10/2015,alert,official control on the market,Germany,no action taken,distribution restricted to notifying country,serious,Nigeria
,,,,,herbs and spices,29/8/2016,alert,company's own check,Netherlands,withdrawal from the market,no distribution from notifying country,serious,Nigeria
,,,,,"nuts, nut products and seeds",22/2/2017,alert,company's own check,Germany,return to consignor,distribution restricted to notifying country,serious,Nigeria
,,,,,"nuts, nut products and seeds",24/3/2017,border rejection,border control - consignment detained,Greece,re-dispatch,product not (yet) placed on the market,serious,Nigeria
,,,,,"nuts, nut products and seeds",28/3/2017,border rejection,border control - consignment detained,Greece,re-dispatch,product not (yet) placed on the market,serious,Nigeria
,,,,,"nuts, nut products and seeds",7/4/2017,border rejection,border control - consignment detained,Greece,re-dispatch,product not (yet) placed on the market,serious,Nigeria
,,,,,"nuts, nut products and seeds",7/4/2017,border rejection,border control - consignment detained,Greece,re-dispatch,product not (yet) placed on the market,serious,Nigeria
,,,,,"nuts, nut products and seeds",7/4/2017,border rejection,border control - consignment detained,Greece,re-dispatch,product not (yet) placed on the market,serious,Nigeria
,,,,,"nuts, nut products and seeds",27/6/2017,border rejection,border control - consignment detained,Greece,re-dispatch,product not (yet) placed on the market,serious,Nigeria
,,,,,"nuts, nut products and seeds",9/8/2017,border rejection,border control - consignment detained,Greece,re-dispatch,product not (yet) placed on the market,serious,Nigeria
,,,,,"nuts, nut products and seeds",18/9/2017,border rejection,border control - consignment detained,Greece,re-dispatch,product not (yet) placed on the market,serious,Nigeria
,,,,,"nuts, nut products and seeds",6/11/2017,border rejection,border control - consignment detained,Greece,import not authorised,product not (yet) placed on the market,serious,Nigeria
,,,,,"nuts, nut products and seeds",15/11/2017,border rejection,border control - consignment detained,Greece,re-dispatch,product not (yet) placed on the market,serious,Nigeria
,,,,,"nuts, nut products and seeds",22/12/2017,border rejection,border control - consignment detained,Greece,import not authorised,product not (yet) placed on the market,serious,Nigeria
,,,,,"nuts, nut products and seeds",3/1/2018,border rejection,border control - consignment detained,Netherlands,informing consignor,product not (yet) placed on the market,serious,Nigeria
,,,,,"nuts, nut products and seeds",16/3/2018,border rejection,border control - consignment detained,Netherlands,informing consignor,product not (yet) placed on the market,serious,Nigeria
,,,,,"nuts, nut products and seeds",19/3/2018,border rejection,border control - consignment detained,Germany,re-dispatch,product not (yet) placed on the market,serious,Nigeria
,,,,,"nuts, nut products and seeds",20/3/2018,border rejection,border control - consignment detained,Germany,re-dispatch,product not (yet) placed on the market,serious,Nigeria
,,,,,"nuts, nut products and seeds",20/3/2018,border rejection,border control - consignment detained,Germany,re-dispatch,product not (yet) placed on the market,serious,Nigeria
,,,,,"nuts, nut products and seeds",21/3/2018,border rejection,border control - consignment detained,Greece,import not authorised,product not (yet) placed on the market,serious,Nigeria
,,,,,"nuts, nut products and seeds",4/5/2018,border rejection,border control - consignment detained,Greece,import not authorised,product not (yet) placed on the market,serious,Nigeria
,,,,,"nuts, nut products and seeds",17/5/2018,border rejection,border control - consignment detained,Poland,official detention,product not (yet) placed on the market,serious,Nigeria
,,,,,"nuts, nut products and seeds",18/5/2018,border rejection,border control - consignment detained,Cyprus,re-dispatch,product not (yet) placed on the market,serious,Nigeria
,,,,,"nuts, nut products and seeds",24/5/2018,border rejection,border control - consignment detained,Greece,import not authorised,product not (yet) placed on the market,serious,Nigeria
,,,,,"nuts, nut products and seeds",29/5/2018,border rejection,border control - consignment detained,Netherlands,informing consignor,product not (yet) placed on the market,serious,Nigeria
,,,,,"nuts, nut products and seeds",30/5/2018,border rejection,border control - consignment detained,Netherlands,informing consignor,product not (yet) placed on the market,serious,Nigeria
,,,,,"nuts, nut products and seeds",31/5/2018,border rejection,border control - consignment detained,Netherlands,official detention,product not (yet) placed on the market,serious,Nigeria
,,,,,"nuts, nut products and seeds",13/6/2018,border rejection,border control - consignment detained,Poland,re-dispatch,product not (yet) placed on the market,serious,Nigeria
,,,,,"nuts, nut products and seeds",13/6/2018,border rejection,border control - consignment detained,Greece,import not authorised,product not (yet) placed on the market,serious,Nigeria
,,,,,"nuts, nut products and seeds",20/6/2018,border rejection,border control - consignment detained,Poland,official detention,product not (yet) placed on the market,serious,Nigeria
,,,,,"nuts, nut products and seeds",20/6/2018,border rejection,border control - consignment detained,Poland,re-dispatch,product not (yet) placed on the market,serious,Nigeria
,,,,,"nuts, nut products and seeds",26/6/2018,border rejection,border control - consignment detained,Greece,re-dispatch,product not (yet) placed on the market,serious,Nigeria
,,,,,"nuts, nut products and seeds",5/7/2018,border rejection,border control - consignment detained,Poland,re-dispatch,product not (yet) placed on the market,serious,Nigeria
,,,,,"nuts, nut products and seeds",12/7/2018,border rejection,border control - consignment detained,Poland,re-dispatch,product not (yet) placed on the market,serious,Nigeria
,,,,,"nuts, nut products and seeds",12/7/2018,border rejection,border control - consignment detained,Netherlands,official detention,product not (yet) placed on the market,serious,Nigeria
,,,,,"nuts, nut products and seeds",13/7/2018,border rejection,border control - consignment detained,Netherlands,official detention,product not (yet) placed on the market,serious,Nigeria
,,,,,"nuts, nut products and seeds",16/7/2018,border rejection,border control - consignment detained,Netherlands,official detention,product not (yet) placed on the market,serious,Nigeria
,,,,,"nuts, nut products and seeds",16/7/2018,border rejection,border control - consignment detained,Netherlands,official detention,product not (yet) placed on the market,serious,Nigeria
,,,,,"nuts, nut products and seeds",17/7/2018,border rejection,border control - consignment detained,Germany,re-dispatch,product not (yet) placed on the market,serious,Nigeria
,,,,,"nuts, nut products and seeds",6/8/2018,border rejection,border control - consignment detained,Netherlands,official detention,product not (yet) placed on the market,serious,Nigeria
,,,,,"nuts, nut products and seeds",20/8/2018,information for attention,border control - consignment released,Poland,re-dispatch,distribution restricted to notifying country,serious,Nigeria
,,,,,"nuts, nut products and seeds",21/8/2018,border rejection,border control - consignment detained,Poland,re-dispatch,product not (yet) placed on the market,serious,Nigeria
,,,,,"nuts, nut products and seeds",12/9/2018,border rejection,border control - consignment detained,Poland,re-dispatch,product not (yet) placed on the market,serious,Nigeria
,,,,,"nuts, nut products and seeds",13/9/2018,border rejection,border control - consignment detained,Poland,re-dispatch,product not (yet) placed on the market,serious,Nigeria
,,,,,"nuts, nut products and seeds",14/9/2018,border rejection,border control - consignment detained,Poland,re-dispatch,product not (yet) placed on the market,undecided,Nigeria
,,,,,"nuts, nut products and seeds",27/9/2018,border rejection,border control - consignment detained,Germany,re-dispatch,product not (yet) placed on the market,serious,Nigeria
,,,,,"nuts, nut products and seeds",9/10/2018,border rejection,border control - consignment detained,Netherlands,official detention,product not (yet) placed on the market,serious,Nigeria
,,,,,"nuts, nut products and seeds",5/12/2018,border rejection,border control - consignment detained,Netherlands,official detention,product not (yet) placed on the market,serious,Nigeria
,,,,,"nuts, nut products and seeds",19/12/2018,border rejection,border control - consignment detained,Poland,re-dispatch,product not (yet) placed on the market,serious,Nigeria
,,,,,"nuts, nut products and seeds",21/12/2018,border rejection,border control - consignment detained,Poland,re-dispatch,product not (yet) placed on the market,serious,Nigeria
,,,,,"nuts, nut products and seeds",21/12/2018,border rejection,border control - consignment detained,Poland,re-dispatch,product not (yet) placed on the market,serious,Nigeria
,,,,,"nuts, nut products and seeds",27/12/2018,border rejection,border control - consignment detained,Germany,re-dispatch,product not (yet) placed on the market,serious,Nigeria
,,,,,"nuts, nut products and seeds",28/12/2018,border rejection,border control - consignment detained,Germany,re-dispatch,product not (yet) placed on the market,serious,Nigeria
,,,,,"nuts, nut products and seeds",28/12/2018,border rejection,border control - consignment detained,Germany,re-dispatch,product not (yet) placed on the market,serious,Nigeria
,,,,,"nuts, nut products and seeds",4/1/2019,border rejection,border control - consignment detained,Poland,re-dispatch,product not (yet) placed on the market,serious,Nigeria
,,,,,"nuts, nut products and seeds",23/1/2019,border rejection,border control - consignment detained,Poland,re-dispatch,product not (yet) placed on the market,serious,Nigeria
,,,,,"nuts, nut products and seeds",1/2/2019,border rejection,border control - consignment detained,Poland,re-dispatch,product not (yet) placed on the market,serious,Nigeria
,,,,,"nuts, nut products and seeds",20/2/2019,border rejection,border control - consignment detained,Germany,re-dispatch,product not (yet) placed on the market,serious,Nigeria
,,,,,"nuts, nut products and seeds",20/2/2019,border rejection,border control - consignment under customs,Italy,re-dispatch,product allowed to travel to destination under customs seals,serious,Nigeria
,,,,,"nuts, nut products and seeds",27/2/2019,border rejection,border control - consignment detained,Poland,re-dispatch,product not (yet) placed on the market,serious,Nigeria
,,,,,"nuts, nut products and seeds",22/3/2019,border rejection,border control - consignment detained,Netherlands,official detention,product not (yet) placed on the market,serious,Nigeria
,,,,,"nuts, nut products and seeds",26/3/2019,border rejection,border control - consignment detained,Netherlands,official detention,product not (yet) placed on the market,serious,Nigeria
,,,,,"nuts, nut products and seeds",26/3/2019,border rejection,border control - consignment detained,Netherlands,official detention,product not (yet) placed on the market,serious,Nigeria
,,,,,"nuts, nut products and seeds",1/4/2019,border rejection,border control - consignment detained,Poland,re-dispatch,product not (yet) placed on the market,serious,Nigeria
,,,,,"nuts, nut products and seeds",9/4/2019,border rejection,border control - consignment detained,Poland,re-dispatch,product not (yet) placed on the market,serious,Nigeria
,,,,,"nuts, nut products and seeds",9/4/2019,border rejection,border control - consignment detained,Greece,physical/chemical treatment,product not (yet) placed on the market,serious,Nigeria
,,,,,"nuts, nut products and seeds",10/4/2019,border rejection,border control - consignment detained,Greece,re-dispatch,product not (yet) placed on the market,serious,Nigeria
,,,,,"nuts, nut products and seeds",12/4/2019,border rejection,border control - consignment detained,Greece,physical/chemical treatment,product not (yet) placed on the market,serious,Nigeria
,,,,,"nuts, nut products and seeds",7/5/2019,border rejection,border control - consignment detained,Greece,physical/chemical treatment,product not (yet) placed on the market,serious,Nigeria
,,,,,"nuts, nut products and seeds",7/5/2019,border rejection,border control - consignment detained,Greece,physical/chemical treatment,product not (yet) placed on the market,serious,Nigeria
,,,,,"nuts, nut products and seeds",8/5/2019,border rejection,border control - consignment detained,Greece,physical/chemical treatment,product not (yet) placed on the market,serious,Nigeria
,,,,,"nuts, nut products and seeds",21/5/2019,border rejection,border control - consignment detained,Netherlands,physical/chemical treatment,product not (yet) placed on the market,serious,Nigeria
,,,,,"nuts, nut products and seeds",22/5/2019,border rejection,border control - consignment detained,Netherlands,official detention,product not (yet) placed on the market,serious,Nigeria
,,,,,"nuts, nut products and seeds",23/5/2019,information for attention,company's own check,Germany,withdrawal from the market,distribution restricted to notifying country,serious,Nigeria
,,,,,"nuts, nut products and seeds",24/5/2019,border rejection,border control - consignment detained,Greece,physical/chemical treatment,product not (yet) placed on the market,serious,Nigeria
,,,,,"nuts, nut products and seeds",28/5/2019,border rejection,border control - consignment detained,Greece,physical/chemical treatment,product not (yet) placed on the market,serious,Nigeria
,,,,,"nuts, nut products and seeds",29/5/2019,border rejection,border control - consignment detained,Poland,re-dispatch,product not (yet) placed on the market,serious,Nigeria
,,,,,"nuts, nut products and seeds",3/6/2019,border rejection,border control - consignment detained,Poland,re-dispatch,product not (yet) placed on the market,serious,Nigeria
,,,,,"nuts, nut products and seeds",21/6/2019,border rejection,border control - consignment detained,Netherlands,official detention,product not (yet) placed on the market,serious,Nigeria
,,,,,"nuts, nut products and seeds",3/7/2019,border rejection,border control - consignment detained,Poland,re-dispatch,product not (yet) placed on the market,serious,Nigeria
,,,,,"nuts, nut products and seeds",5/7/2019,border rejection,border control - consignment detained,Netherlands,official detention,product not (yet) placed on the market,serious,Nigeria
,,,,,"nuts, nut products and seeds",26/7/2019,border rejection,border control - consignment detained,Netherlands,physical/chemical treatment,product not (yet) placed on the market,serious,Nigeria
,,,,,"nuts, nut products and seeds",5/8/2019,border rejection,border control - consignment detained,Germany,re-dispatch,product not (yet) placed on the market,serious,Nigeria
,,,,,"nuts, nut products and seeds",28/8/2019,border rejection,border control - consignment detained,Poland,re-dispatch,product not (yet) placed on the market,serious,Nigeria
,,,,,herbs and spices,30/8/2019,information for attention,official control on the market,Italy,recall from consumers,distribution restricted to notifying country,serious,Nigeria
,,,,,wild caught fish and products thereof (other than crustaceans and molluscs) - (obsolete),4/5/1999,information,,Spain,import not authorised,,undecided,Senegal
,,,,,molluscs and products thereof - (obsolete),22/10/1999,information,,Italy,import not authorised,,undecided,Senegal
,,,,,fish and fish products,2/9/1999,information,,France,import not authorised,,undecided,Senegal
,,,,,crustaceans and products thereof,29/8/2000,alert,,Belgium,,,undecided,Senegal
,,,,,fish and fish products,27/9/1999,information,,France,import not authorised,,undecided,Senegal
,,,,,molluscs and products thereof - (obsolete),24/10/2000,information,,France,product recall or withdrawal,,undecided,Senegal
,,,,,molluscs and products thereof - (obsolete),9/3/2001,information,,Greece,import not authorised,,undecided,Senegal
,,,,,fish and fish products,13/10/1999,information,,France,import not authorised,,undecided,Senegal
,,,,,fish and fish products,16/2/2000,information,,France,import not authorised,,undecided,Senegal
,,,,,fish and fish products,21/9/2000,information,,France,destruction,,undecided,Senegal
,,,,,fish and fish products,24/10/2003,information,border control - consignment released,France,product recall or withdrawal,,undecided,Senegal
,,,,,fish and fish products,27/10/2003,alert,border control - consignment released,France,product recall or withdrawal,,undecided,Senegal
,,,,,fish and fish products,21/11/2005,information,border control - consignment released,Italy,reinforced checking,product already consumed,undecided,Senegal
,,,,,fish and fish products,24/9/2008,information,border control - consignment released,Germany,destination of the product identified,distribution on the market (possible),undecided,Senegal
,,,,,molluscs and products thereof - (obsolete),6/11/2003,information,border control - consignment detained,Italy,re-dispatch,,undecided,Senegal
,,,,,fish and fish products,14/9/2009,information,border control - consignment released,Germany,informing recipient(s),product already consumed,undecided,Senegal
,,,,,fish and fish products,12/10/2009,border rejection,border control - consignment detained,Germany,re-dispatch or destruction,no distribution,undecided,Senegal
,,,,,fish and fish products,6/11/2009,border rejection,border control - consignment detained,Spain,destruction,no distribution,undecided,Senegal
,,,,,"nuts, nut products and seeds",15/3/2007,information,border control - consignment detained,Italy,re-dispatch,no distribution,undecided,Senegal
,,,,,"nuts, nut products and seeds",13/6/2014,border rejection,border control - consignment detained,Italy,import not authorised,product not (yet) placed on the market,serious,Senegal
,,,,,"soups, broths, sauces and condiments",23/6/2016,alert,company's own check,United Kingdom,public warning - press release,distribution to other member countries,serious,South Africa
,,,,,poultry meat and poultry meat products,6/9/2016,information for follow-up,border control - consignment released,Germany,informing authorities,distribution to other member countries,not serious,South Africa
,,,,,cereals and bakery products,31/8/2018,alert,company's own check,Netherlands,informing recipient(s),distribution to other member countries,serious,South Africa
,,,,,"nuts, nut products and seeds",14/3/2013,information for attention,border control - consignment released,Cyprus,physical/chemical treatment,distribution restricted to notifying country,serious,Sudan
,,,,,"nuts, nut products and seeds",25/1/2017,border rejection,border control - consignment detained,Greece,re-dispatch,product not (yet) placed on the market,serious,Sudan
,,,,,"nuts, nut products and seeds",28/2/2017,border rejection,border control - consignment detained,Greece,re-dispatch,product not (yet) placed on the market,serious,Sudan
,,,,,"nuts, nut products and seeds",3/3/2017,border rejection,border control - consignment detained,Greece,re-dispatch,product not (yet) placed on the market,serious,Sudan
,,,,,"nuts, nut products and seeds",17/3/2017,border rejection,border control - consignment detained,Greece,re-dispatch,product not (yet) placed on the market,serious,Sudan
,,,,,"nuts, nut products and seeds",17/3/2017,border rejection,border control - consignment detained,Greece,re-dispatch,product not (yet) placed on the market,serious,Sudan
,,,,,"nuts, nut products and seeds",31/3/2017,alert,food poisoning,Germany,recall from consumers,distribution to other member countries,serious,Sudan
,,,,,"nuts, nut products and seeds",5/4/2017,border rejection,border control - consignment detained,Greece,re-dispatch,product not (yet) placed on the market,serious,Sudan
,,,,,"nuts, nut products and seeds",6/4/2017,border rejection,border control - consignment detained,Greece,re-dispatch,product not (yet) placed on the market,serious,Sudan
,,,,,"nuts, nut products and seeds",28/4/2017,border rejection,border control - consignment detained,Greece,re-dispatch,product not (yet) placed on the market,serious,Sudan
,,,,,"nuts, nut products and seeds",19/5/2017,border rejection,border control - consignment detained,Greece,re-dispatch,product not (yet) placed on the market,serious,Sudan
,,,,,"nuts, nut products and seeds",15/6/2017,border rejection,border control - consignment detained,Greece,re-dispatch,product not (yet) placed on the market,serious,Sudan
,,,,,"nuts, nut products and seeds",26/7/2017,border rejection,border control - consignment detained,Greece,import not authorised,product not (yet) placed on the market,serious,Sudan
,,,,,"nuts, nut products and seeds",11/8/2017,border rejection,border control - consignment detained,Greece,re-dispatch,product not (yet) placed on the market,serious,Sudan
,,,,,"nuts, nut products and seeds",8/9/2017,border rejection,border control - consignment detained,Greece,re-dispatch,product not (yet) placed on the market,serious,Sudan
,,,,,"nuts, nut products and seeds",3/11/2017,border rejection,border control - consignment detained,Greece,import not authorised,product not (yet) placed on the market,serious,Sudan
,,,,,"nuts, nut products and seeds",27/11/2017,border rejection,border control - consignment detained,Greece,import not authorised,product not (yet) placed on the market,serious,Sudan
,,,,,"nuts, nut products and seeds",14/12/2017,border rejection,border control - consignment detained,Greece,import not authorised,product not (yet) placed on the market,serious,Sudan
,,,,,"nuts, nut products and seeds",17/1/2018,border rejection,border control - consignment detained,Greece,import not authorised,product not (yet) placed on the market,serious,Sudan
,,,,,"nuts, nut products and seeds",19/1/2018,border rejection,border control - consignment detained,Greece,import not authorised,product not (yet) placed on the market,serious,Sudan
,,,,,"nuts, nut products and seeds",25/1/2018,border rejection,border control - consignment detained,Greece,import not authorised,product not (yet) placed on the market,serious,Sudan
,,,,,"nuts, nut products and seeds",1/2/2018,border rejection,border control - consignment detained,Greece,import not authorised,product not (yet) placed on the market,serious,Sudan
,,,,,"nuts, nut products and seeds",2/2/2018,border rejection,border control - consignment detained,Greece,import not authorised,product not (yet) placed on the market,serious,Sudan
,,,,,"nuts, nut products and seeds",8/2/2018,border rejection,border control - consignment detained,Greece,import not authorised,product not (yet) placed on the market,serious,Sudan
,,,,,"nuts, nut products and seeds",9/2/2018,border rejection,border control - consignment detained,Greece,import not authorised,product not (yet) placed on the market,serious,Sudan
,,,,,"nuts, nut products and seeds",15/2/2018,border rejection,border control - consignment detained,Poland,re-dispatch,product not (yet) placed on the market,serious,Sudan
,,,,,"nuts, nut products and seeds",2/3/2018,border rejection,border control - consignment detained,Greece,import not authorised,product not (yet) placed on the market,serious,Sudan
,,,,,"nuts, nut products and seeds",2/3/2018,border rejection,border control - consignment detained,Greece,import not authorised,product not (yet) placed on the market,serious,Sudan
,,,,,"nuts, nut products and seeds",9/3/2018,border rejection,border control - consignment detained,Greece,import not authorised,product not (yet) placed on the market,serious,Sudan
,,,,,"nuts, nut products and seeds",20/3/2018,border rejection,border control - consignment detained,Greece,import not authorised,product not (yet) placed on the market,serious,Sudan
,,,,,"nuts, nut products and seeds",30/3/2018,border rejection,border control - consignment detained,Greece,import not authorised,product not (yet) placed on the market,serious,Sudan
,,,,,"nuts, nut products and seeds",2/4/2018,border rejection,border control - consignment detained,Greece,import not authorised,product not (yet) placed on the market,serious,Sudan
,,,,,"nuts, nut products and seeds",3/4/2018,border rejection,border control - consignment detained,Greece,official detention,product not (yet) placed on the market,serious,Sudan
,,,,,"nuts, nut products and seeds",11/4/2018,border rejection,border control - consignment detained,Germany,re-dispatch,product not (yet) placed on the market,serious,Sudan
,,,,,"nuts, nut products and seeds",12/4/2018,border rejection,border control - consignment detained,Poland,re-dispatch,product not (yet) placed on the market,serious,Sudan
,,,,,"nuts, nut products and seeds",12/4/2018,border rejection,border control - consignment detained,Poland,re-dispatch,product not (yet) placed on the market,serious,Sudan
,,,,,"nuts, nut products and seeds",13/4/2018,border rejection,border control - consignment detained,Greece,import not authorised,product not (yet) placed on the market,serious,Sudan
,,,,,"nuts, nut products and seeds",16/4/2018,border rejection,border control - consignment detained,Poland,re-dispatch,product not (yet) placed on the market,serious,Sudan
,,,,,"nuts, nut products and seeds",9/5/2018,border rejection,border control - consignment detained,Greece,,product not (yet) placed on the market,serious,Sudan
,,,,,"nuts, nut products and seeds",11/5/2018,border rejection,border control - consignment detained,Poland,re-dispatch,product not (yet) placed on the market,serious,Sudan
,,,,,"nuts, nut products and seeds",11/5/2018,border rejection,border control - consignment detained,Poland,return to consignor,product not (yet) placed on the market,serious,Sudan
,,,,,"nuts, nut products and seeds",18/5/2018,border rejection,border control - consignment detained,Greece,import not authorised,product not (yet) placed on the market,serious,Sudan
,,,,,"nuts, nut products and seeds",22/5/2018,border rejection,border control - consignment detained,Greece,,product not (yet) placed on the market,serious,Sudan
,,,,,"nuts, nut products and seeds",23/5/2018,border rejection,border control - consignment detained,Greece,,product not (yet) placed on the market,serious,Sudan
,,,,,"nuts, nut products and seeds",23/5/2018,border rejection,border control - consignment detained,Greece,import not authorised,product not (yet) placed on the market,serious,Sudan
,,,,,"nuts, nut products and seeds",23/5/2018,border rejection,border control - consignment detained,Greece,,product not (yet) placed on the market,serious,Sudan
,,,,,"nuts, nut products and seeds",25/5/2018,border rejection,border control - consignment detained,Greece,import not authorised,product not (yet) placed on the market,serious,Sudan
,,,,,"nuts, nut products and seeds",8/6/2018,border rejection,border control - consignment detained,Greece,official detention,product not (yet) placed on the market,serious,Sudan
,,,,,"nuts, nut products and seeds",13/6/2018,border rejection,border control - consignment detained,Greece,official detention,product not (yet) placed on the market,serious,Sudan
,,,,,"nuts, nut products and seeds",13/6/2018,border rejection,border control - consignment detained,Greece,import not authorised,product not (yet) placed on the market,serious,Sudan
,,,,,"nuts, nut products and seeds",13/6/2018,border rejection,border control - consignment detained,Greece,import not authorised,product not (yet) placed on the market,serious,Sudan
,,,,,"nuts, nut products and seeds",29/6/2018,border rejection,border control - consignment detained,Greece,,product not (yet) placed on the market,serious,Sudan
,,,,,"nuts, nut products and seeds",29/6/2018,border rejection,border control - consignment detained,Greece,,product not (yet) placed on the market,serious,Sudan
,,,,,"nuts, nut products and seeds",3/7/2018,border rejection,border control - consignment detained,Greece,import not authorised,product not (yet) placed on the market,serious,Sudan
,,,,,"nuts, nut products and seeds",4/7/2018,border rejection,border control - consignment detained,Greece,import not authorised,product not (yet) placed on the market,serious,Sudan
,,,,,"nuts, nut products and seeds",10/7/2018,border rejection,border control - consignment detained,Greece,import not authorised,product not (yet) placed on the market,serious,Sudan
,,,,,"nuts, nut products and seeds",11/7/2018,border rejection,border control - consignment detained,Greece,official detention,product not (yet) placed on the market,serious,Sudan
,,,,,"nuts, nut products and seeds",18/7/2018,border rejection,border control - consignment detained,Greece,physical/chemical treatment,product not (yet) placed on the market,serious,Sudan
,,,,,"nuts, nut products and seeds",18/7/2018,border rejection,border control - consignment detained,Greece,import not authorised,product not (yet) placed on the market,serious,Sudan
,,,,,"nuts, nut products and seeds",20/7/2018,border rejection,border control - consignment detained,Greece,,product not (yet) placed on the market,serious,Sudan
,,,,,"nuts, nut products and seeds",27/7/2018,border rejection,border control - consignment detained,France,return to consignor,product not (yet) placed on the market,serious,Sudan
,,,,,"nuts, nut products and seeds",31/7/2018,border rejection,border control - consignment detained,Greece,import not authorised,product not (yet) placed on the market,serious,Sudan
,,,,,"nuts, nut products and seeds",7/8/2018,border rejection,border control - consignment detained,Greece,import not authorised,product not (yet) placed on the market,serious,Sudan
,,,,,"nuts, nut products and seeds",7/8/2018,border rejection,border control - consignment detained,Greece,,product not (yet) placed on the market,serious,Sudan
,,,,,"nuts, nut products and seeds",8/8/2018,border rejection,border control - consignment detained,Greece,official detention,product not (yet) placed on the market,serious,Sudan
,,,,,"nuts, nut products and seeds",14/8/2018,border rejection,border control - consignment detained,Greece,import not authorised,product not (yet) placed on the market,serious,Sudan
,,,,,"nuts, nut products and seeds",14/8/2018,border rejection,border control - consignment detained,Greece,import not authorised,product not (yet) placed on the market,serious,Sudan
,,,,,"nuts, nut products and seeds",24/8/2018,border rejection,border control - consignment detained,Greece,,product not (yet) placed on the market,serious,Sudan
,,,,,"nuts, nut products and seeds",24/8/2018,border rejection,border control - consignment detained,Greece,import not authorised,product not (yet) placed on the market,serious,Sudan
,,,,,"nuts, nut products and seeds",28/9/2018,border rejection,border control - consignment detained,Greece,import not authorised,product not (yet) placed on the market,serious,Sudan
,,,,,"nuts, nut products and seeds",5/10/2018,border rejection,border control - consignment detained,Greece,import not authorised,product not (yet) placed on the market,serious,Sudan
,,,,,"nuts, nut products and seeds",5/10/2018,border rejection,border control - consignment detained,Greece,import not authorised,product not (yet) placed on the market,serious,Sudan
,,,,,"nuts, nut products and seeds",12/10/2018,border rejection,border control - consignment detained,Greece,import not authorised,product not (yet) placed on the market,serious,Sudan
,,,,,"nuts, nut products and seeds",16/10/2018,border rejection,border control - consignment detained,Greece,official detention,product not (yet) placed on the market,serious,Sudan
,,,,,"nuts, nut products and seeds",16/10/2018,border rejection,border control - consignment detained,Greece,official detention,product not (yet) placed on the market,serious,Sudan
,,,,,"nuts, nut products and seeds",30/10/2018,border rejection,border control - consignment detained,Greece,,product not (yet) placed on the market,serious,Sudan
,,,,,"nuts, nut products and seeds",2/11/2018,border rejection,border control - consignment detained,Greece,import not authorised,product not (yet) placed on the market,serious,Sudan
,,,,,"nuts, nut products and seeds",5/11/2018,border rejection,border control - consignment detained,Greece,import not authorised,product not (yet) placed on the market,serious,Sudan
,,,,,"nuts, nut products and seeds",15/11/2018,border rejection,border control - consignment detained,Greece,import not authorised,product not (yet) placed on the market,serious,Sudan
,,,,,"nuts, nut products and seeds",21/11/2018,border rejection,border control - consignment detained,Greece,import not authorised,product not (yet) placed on the market,serious,Sudan
,,,,,"nuts, nut products and seeds",5/12/2018,border rejection,border control - consignment detained,Greece,,product not (yet) placed on the market,serious,Sudan
,,,,,"nuts, nut products and seeds",5/12/2018,border rejection,border control - consignment detained,Greece,,product not (yet) placed on the market,serious,Sudan
,,,,,"nuts, nut products and seeds",28/12/2018,border rejection,border control - consignment detained,Greece,import not authorised,product not (yet) placed on the market,serious,Sudan
,,,,,"nuts, nut products and seeds",28/12/2018,border rejection,border control - consignment detained,Greece,import not authorised,product not (yet) placed on the market,serious,Sudan
,,,,,"nuts, nut products and seeds",3/1/2019,border rejection,border control - consignment detained,Greece,import not authorised,product not (yet) placed on the market,serious,Sudan
,,,,,"nuts, nut products and seeds",3/1/2019,border rejection,border control - consignment detained,Greece,import not authorised,product not (yet) placed on the market,serious,Sudan
,,,,,"nuts, nut products and seeds",4/1/2019,border rejection,border control - consignment detained,Greece,import not authorised,product not (yet) placed on the market,serious,Sudan
,,,,,"nuts, nut products and seeds",4/1/2019,border rejection,border control - consignment detained,Greece,import not authorised,product not (yet) placed on the market,serious,Sudan
,,,,,"nuts, nut products and seeds",4/1/2019,border rejection,border control - consignment detained,Greece,import not authorised,product not (yet) placed on the market,serious,Sudan
,,,,,"nuts, nut products and seeds",4/1/2019,border rejection,border control - consignment detained,Greece,physical/chemical treatment,product not (yet) placed on the market,serious,Sudan
,,,,,"nuts, nut products and seeds",4/1/2019,border rejection,border control - consignment detained,Greece,import not authorised,product not (yet) placed on the market,serious,Sudan
,,,,,"nuts, nut products and seeds",9/1/2019,border rejection,border control - consignment detained,Greece,,product not (yet) placed on the market,serious,Sudan
,,,,,"nuts, nut products and seeds",9/1/2019,border rejection,border control - consignment detained,Greece,import not authorised,product not (yet) placed on the market,serious,Sudan
,,,,,"nuts, nut products and seeds",10/1/2019,border rejection,border control - consignment detained,Greece,import not authorised,product not (yet) placed on the market,serious,Sudan
,,,,,"nuts, nut products and seeds",11/1/2019,border rejection,border control - consignment detained,Greece,,product not (yet) placed on the market,serious,Sudan
,,,,,"nuts, nut products and seeds",14/1/2019,border rejection,border control - consignment detained,Greece,import not authorised,product not (yet) placed on the market,serious,Sudan
,,,,,"nuts, nut products and seeds",23/1/2019,border rejection,border control - consignment detained,Greece,import not authorised,product not (yet) placed on the market,serious,Sudan
,,,,,"nuts, nut products and seeds",8/2/2019,border rejection,border control - consignment detained,Greece,,product not (yet) placed on the market,serious,Sudan
,,,,,"nuts, nut products and seeds",13/2/2019,border rejection,border control - consignment detained,Greece,import not authorised,product not (yet) placed on the market,serious,Sudan
,,,,,"nuts, nut products and seeds",13/2/2019,border rejection,border control - consignment detained,Greece,,product not (yet) placed on the market,serious,Sudan
,,,,,"nuts, nut products and seeds",19/2/2019,border rejection,border control - consignment detained,Greece,,product not (yet) placed on the market,serious,Sudan
,,,,,"nuts, nut products and seeds",19/2/2019,border rejection,border control - consignment detained,Greece,official detention,product not (yet) placed on the market,serious,Sudan
,,,,,"nuts, nut products and seeds",21/2/2019,border rejection,border control - consignment detained,Greece,import not authorised,product not (yet) placed on the market,serious,Sudan
,,,,,"nuts, nut products and seeds",21/2/2019,border rejection,border control - consignment detained,Greece,import not authorised,product not (yet) placed on the market,serious,Sudan
,,,,,"nuts, nut products and seeds",21/2/2019,border rejection,border control - consignment detained,Greece,physical/chemical treatment,product not (yet) placed on the market,serious,Sudan
,,,,,"nuts, nut products and seeds",21/2/2019,border rejection,border control - consignment detained,Greece,physical/chemical treatment,product not (yet) placed on the market,serious,Sudan
,,,,,"nuts, nut products and seeds",22/2/2019,border rejection,border control - consignment detained,Greece,re-dispatch,product not (yet) placed on the market,serious,Sudan
,,,,,"nuts, nut products and seeds",26/2/2019,border rejection,border control - consignment detained,Greece,physical/chemical treatment,product not (yet) placed on the market,serious,Sudan
,,,,,"nuts, nut products and seeds",26/2/2019,border rejection,border control - consignment detained,Greece,physical/chemical treatment,product not (yet) placed on the market,serious,Sudan
,,,,,"nuts, nut products and seeds",26/2/2019,border rejection,border control - consignment detained,Greece,,product not (yet) placed on the market,serious,Sudan
,,,,,"nuts, nut products and seeds",27/2/2019,border rejection,border control - consignment detained,Greece,physical/chemical treatment,product not (yet) placed on the market,serious,Sudan
,,,,,"nuts, nut products and seeds",28/2/2019,border rejection,border control - consignment detained,Netherlands,official detention,product not (yet) placed on the market,serious,Sudan
,,,,,"nuts, nut products and seeds",1/3/2019,border rejection,border control - consignment detained,Greece,re-dispatch,product not (yet) placed on the market,serious,Sudan
,,,,,"nuts, nut products and seeds",1/3/2019,border rejection,border control - consignment detained,Greece,physical/chemical treatment,product not (yet) placed on the market,serious,Sudan
,,,,,"nuts, nut products and seeds",1/3/2019,border rejection,border control - consignment detained,Greece,physical/chemical treatment,product not (yet) placed on the market,serious,Sudan
,,,,,"nuts, nut products and seeds",1/3/2019,border rejection,border control - consignment detained,Greece,physical/chemical treatment,product not (yet) placed on the market,serious,Sudan
,,,,,"nuts, nut products and seeds",1/3/2019,border rejection,border control - consignment detained,Greece,re-dispatch,product not (yet) placed on the market,serious,Sudan
,,,,,"nuts, nut products and seeds",1/3/2019,border rejection,border control - consignment detained,Greece,physical/chemical treatment,product not (yet) placed on the market,serious,Sudan
,,,,,"nuts, nut products and seeds",1/3/2019,border rejection,border control - consignment detained,Greece,physical/chemical treatment,product not (yet) placed on the market,serious,Sudan
,,,,,"nuts, nut products and seeds",7/3/2019,border rejection,border control - consignment detained,Greece,physical/chemical treatment,product not (yet) placed on the market,serious,Sudan
,,,,,"nuts, nut products and seeds",14/3/2019,border rejection,border control - consignment detained,Greece,physical/chemical treatment,product not (yet) placed on the market,serious,Sudan
,,,,,"nuts, nut products and seeds",14/3/2019,border rejection,border control - consignment detained,Greece,physical/chemical treatment,product not (yet) placed on the market,serious,Sudan
,,,,,"nuts, nut products and seeds",14/3/2019,border rejection,border control - consignment detained,Greece,physical/chemical treatment,product not (yet) placed on the market,serious,Sudan
,,,,,"nuts, nut products and seeds",14/3/2019,border rejection,border control - consignment detained,Greece,physical/chemical treatment,product not (yet) placed on the market,serious,Sudan
,,,,,"nuts, nut products and seeds",15/3/2019,border rejection,border control - consignment detained,Greece,physical/chemical treatment,product not (yet) placed on the market,serious,Sudan
,,,,,"nuts, nut products and seeds",28/3/2019,border rejection,border control - consignment detained,Greece,import not authorised,product not (yet) placed on the market,serious,Sudan
,,,,,"nuts, nut products and seeds",29/3/2019,border rejection,border control - consignment detained,Greece,,product not (yet) placed on the market,serious,Sudan
,,,,,"nuts, nut products and seeds",3/4/2019,border rejection,border control - consignment detained,Greece,physical/chemical treatment,product not (yet) placed on the market,serious,Sudan
,,,,,"nuts, nut products and seeds",17/4/2019,border rejection,border control - consignment detained,Greece,physical/chemical treatment,product not (yet) placed on the market,serious,Sudan
,,,,,"nuts, nut products and seeds",19/4/2019,border rejection,border control - consignment detained,Greece,physical/chemical treatment,product not (yet) placed on the market,serious,Sudan
,,,,,"nuts, nut products and seeds",19/4/2019,border rejection,border control - consignment detained,Greece,physical/chemical treatment,product not (yet) placed on the market,serious,Sudan
,,,,,"nuts, nut products and seeds",2/5/2019,border rejection,border control - consignment detained,Greece,physical/chemical treatment,product not (yet) placed on the market,serious,Sudan
,,,,,"nuts, nut products and seeds",2/5/2019,border rejection,border control - consignment detained,Greece,physical/chemical treatment,product not (yet) placed on the market,serious,Sudan
,,,,,"nuts, nut products and seeds",2/5/2019,border rejection,border control - consignment detained,Greece,physical/chemical treatment,product not (yet) placed on the market,serious,Sudan
,,,,,"nuts, nut products and seeds",3/5/2019,border rejection,border control - consignment detained,Greece,physical/chemical treatment,product not (yet) placed on the market,serious,Sudan
,,,,,"nuts, nut products and seeds",20/5/2019,border rejection,border control - consignment detained,Greece,import not authorised,product not (yet) placed on the market,serious,Sudan
,,,,,"nuts, nut products and seeds",20/5/2019,border rejection,border control - consignment detained,Greece,physical/chemical treatment,product not (yet) placed on the market,serious,Sudan
,,,,,"nuts, nut products and seeds",21/5/2019,border rejection,border control - consignment detained,Greece,import not authorised,product not (yet) placed on the market,serious,Sudan
,,,,,"nuts, nut products and seeds",27/5/2019,border rejection,border control - consignment detained,Greece,physical/chemical treatment,product not (yet) placed on the market,serious,Sudan
,,,,,"nuts, nut products and seeds",29/5/2019,border rejection,border control - consignment under customs,Italy,,product allowed to travel to destination under customs seals,serious,Sudan
,,,,,"nuts, nut products and seeds",3/6/2019,border rejection,border control - consignment detained,Greece,physical/chemical treatment,product not (yet) placed on the market,serious,Sudan
,,,,,"nuts, nut products and seeds",3/6/2019,border rejection,border control - consignment detained,Greece,physical/chemical treatment,product not (yet) placed on the market,serious,Sudan
,,,,,"nuts, nut products and seeds",3/6/2019,border rejection,border control - consignment detained,Greece,physical/chemical treatment,product not (yet) placed on the market,serious,Sudan
,,,,,"nuts, nut products and seeds",4/6/2019,border rejection,border control - consignment detained,Greece,physical/chemical treatment,product not (yet) placed on the market,serious,Sudan
,,,,,"nuts, nut products and seeds",4/6/2019,border rejection,border control - consignment detained,Greece,physical/chemical treatment,product not (yet) placed on the market,serious,Sudan
,,,,,"nuts, nut products and seeds",7/6/2019,border rejection,border control - consignment detained,Greece,physical/chemical treatment,product not (yet) placed on the market,serious,Sudan
,,,,,"nuts, nut products and seeds",7/6/2019,border rejection,border control - consignment detained,Greece,physical/chemical treatment,product not (yet) placed on the market,serious,Sudan
,,,,,"nuts, nut products and seeds",11/6/2019,border rejection,border control - consignment detained,Greece,physical/chemical treatment,product not (yet) placed on the market,serious,Sudan
,,,,,"nuts, nut products and seeds",9/7/2019,border rejection,border control - consignment detained,Greece,physical/chemical treatment,product not (yet) placed on the market,serious,Sudan
,,,,,"nuts, nut products and seeds",24/7/2019,border rejection,border control - consignment detained,Greece,physical/chemical treatment,product not (yet) placed on the market,serious,Sudan
,,,,,"nuts, nut products and seeds",26/7/2019,border rejection,border control - consignment detained,Poland,re-dispatch,product not (yet) placed on the market,serious,Sudan
,,,,,"nuts, nut products and seeds",31/7/2019,border rejection,border control - consignment detained,Greece,physical/chemical treatment,product not (yet) placed on the market,serious,Sudan
,,,,,"nuts, nut products and seeds",7/8/2019,border rejection,border control - consignment detained,Greece,physical/chemical treatment,product not (yet) placed on the market,serious,Sudan
,,,,,"nuts, nut products and seeds",22/8/2019,border rejection,border control - consignment detained,Greece,,product not (yet) placed on the market,serious,Sudan
,,,,,"nuts, nut products and seeds",4/9/2019,border rejection,border control - consignment detained,Greece,physical/chemical treatment,product not (yet) placed on the market,serious,Sudan
,,,,,"nuts, nut products and seeds",4/9/2019,border rejection,border control - consignment detained,Greece,physical/chemical treatment,product not (yet) placed on the market,serious,Sudan
,,,,,"nuts, nut products and seeds",5/9/2019,border rejection,border control - consignment detained,Greece,physical/chemical treatment,product not (yet) placed on the market,serious,Sudan
,,,,,"nuts, nut products and seeds",5/9/2019,border rejection,border control - consignment detained,Greece,import not authorised,product not (yet) placed on the market,serious,Sudan
,,,,,"nuts, nut products and seeds",9/9/2019,border rejection,border control - consignment detained,Greece,physical/chemical treatment,product not (yet) placed on the market,serious,Sudan
,,,,,"nuts, nut products and seeds",16/9/2019,border rejection,border control - consignment detained,Greece,import not authorised,product not (yet) placed on the market,serious,Sudan
,,,,,"nuts, nut products and seeds",16/9/2019,border rejection,border control - consignment detained,Greece,physical/chemical treatment,product not (yet) placed on the market,serious,Sudan
,,,,,"nuts, nut products and seeds",19/9/2019,border rejection,border control - consignment detained,Greece,physical/chemical treatment,product not (yet) placed on the market,serious,Sudan
,,,,,"nuts, nut products and seeds",20/9/2019,border rejection,border control - consignment detained,Greece,physical/chemical treatment,product not (yet) placed on the market,serious,Sudan
,,,,,"nuts, nut products and seeds",27/9/2019,border rejection,border control - consignment detained,Greece,physical/chemical treatment,product not (yet) placed on the market,serious,Sudan
,,,,,"nuts, nut products and seeds",27/9/2019,border rejection,border control - consignment detained,Greece,physical/chemical treatment,product not (yet) placed on the market,serious,Sudan
,,,,,"nuts, nut products and seeds",27/9/2019,border rejection,border control - consignment detained,Greece,,product not (yet) placed on the market,serious,Sudan
,,,,,"nuts, nut products and seeds",27/9/2019,border rejection,border control - consignment detained,Greece,,product not (yet) placed on the market,serious,Sudan
,,,,,"nuts, nut products and seeds",30/9/2019,border rejection,border control - consignment detained,Greece,import not authorised,product not (yet) placed on the market,serious,Sudan
,,,,,"nuts, nut products and seeds",30/9/2019,border rejection,border control - consignment detained,Greece,physical/chemical treatment,product not (yet) placed on the market,serious,Sudan
,,,,,"nuts, nut products and seeds",30/9/2019,border rejection,border control - consignment detained,Greece,physical/chemical treatment,product not (yet) placed on the market,serious,Sudan
,,,,,"nuts, nut products and seeds",31/10/2019,border rejection,border control - consignment detained,Greece,physical/chemical treatment,product not (yet) placed on the market,serious,Sudan
,,,,,"nuts, nut products and seeds",31/10/2019,border rejection,border control - consignment detained,Greece,physical/chemical treatment,product not (yet) placed on the market,serious,Sudan
,,,,,"nuts, nut products and seeds",31/10/2019,border rejection,border control - consignment detained,Greece,physical/chemical treatment,product not (yet) placed on the market,serious,Sudan
,,,,,"nuts, nut products and seeds",6/11/2019,border rejection,border control - consignment detained,Greece,import not authorised,product not (yet) placed on the market,serious,Sudan
,,,,,"nuts, nut products and seeds",6/11/2019,border rejection,border control - consignment detained,Greece,physical/chemical treatment,product not (yet) placed on the market,serious,Sudan
,,,,,"nuts, nut products and seeds",7/11/2019,border rejection,border control - consignment detained,Greece,import not authorised,product not (yet) placed on the market,serious,Sudan
,,,,,"nuts, nut products and seeds",12/11/2019,border rejection,border control - consignment detained,Greece,physical/chemical treatment,product not (yet) placed on the market,serious,Sudan
,,,,,"nuts, nut products and seeds",25/11/2019,border rejection,border control - consignment detained,Greece,physical/chemical treatment,product not (yet) placed on the market,serious,Sudan
,,,,,"nuts, nut products and seeds",26/11/2019,border rejection,border control - consignment detained,Greece,re-dispatch,product not (yet) placed on the market,serious,Sudan
,,,,,"nuts, nut products and seeds",28/11/2019,border rejection,border control - consignment detained,Greece,import not authorised,product not (yet) placed on the market,serious,Sudan
,,,,,"nuts, nut products and seeds",29/11/2019,border rejection,border control - consignment detained,Greece,physical/chemical treatment,product not (yet) placed on the market,serious,Sudan
,,,,,"nuts, nut products and seeds",31/12/2019,border rejection,border control - consignment detained,Greece,physical/chemical treatment,product not (yet) placed on the market,serious,Sudan
,,,,,fish and fish products,23/3/2000,information,,France,,,undecided,Tanzania
,,,,,fish and fish products,14/6/2002,information,,Greece,import not authorised,,undecided,Tanzania
,,,,,fish and fish products,24/9/2002,information,,Italy,import not authorised,,undecided,Tanzania
,,,,,fish and fish products,28/7/2003,information,border control - consignment released,Italy,,,undecided,Tanzania
,,,,,fish and fish products,23/11/2004,information,border control - consignment released,Germany,no action taken,product already consumed,undecided,Tanzania
,,,,,fish and fish products,14/9/2009,information,border control - consignment released,Italy,return to consignor,no distribution,undecided,Tanzania
,,,,,fish and fish products,12/10/2009,border rejection,border control - consignment detained,Germany,re-dispatch or destruction,no distribution,undecided,Tanzania
,,,,,fish and fish products,4/6/2014,information for follow-up,border control - consignment released,Germany,informing authorities,distribution to other member countries,not serious,Tanzania
,,,,,fish and fish products,12/5/2016,information for follow-up,border control - consignment released,Germany,,distribution to other member countries,not serious,Tanzania
,,,,,molluscs and products thereof - (obsolete),11/2/2005,information,border control - consignment detained,Italy,re-dispatch,no distribution,undecided,Tanzania
,,,,,molluscs and products thereof - (obsolete),25/4/2005,information,border control - consignment detained,Portugal,re-dispatch,no distribution,undecided,Tanzania
,,,,,"nuts, nut products and seeds",30/1/2019,border rejection,border control - consignment detained,Greece,official detention,product not (yet) placed on the market,serious,Tanzania
,,,,,fish and fish products,14/3/2005,alert,border control - consignment released,Italy,re-dispatch,distribution on the market (possible),undecided,Tunisia
,,,,,molluscs and products thereof - (obsolete),23/11/1999,information,,Italy,import not authorised,,undecided,Tunisia
,,,,,crustaceans and products thereof,12/10/2000,information,,Italy,import not authorised,,undecided,Tunisia
,,,,,poultry meat and poultry meat products,19/10/2000,information,,Italy,import not authorised,,undecided,Tunisia
,,,,,poultry meat and poultry meat products,23/1/2002,information,,Italy,import not authorised,,undecided,Tunisia
,,,,,molluscs and products thereof - (obsolete),20/12/2002,information,,Italy,,,undecided,Tunisia
,,,,,molluscs and products thereof - (obsolete),3/3/2003,information,border control - consignment detained,Italy,Screening sample,,undecided,Tunisia
,,,,,bivalve molluscs and products thereof,8/11/2007,information,border control - consignment released,Italy,withdrawal from recipient(s),product past use-by date,undecided,Tunisia
,,,,,poultry meat and poultry meat products,15/2/2010,information,border control - consignment released,Italy,recall from consumers,distribution restricted to notifying country,undecided,Tunisia
,,,,,gastropods,20/4/2010,information,official control on the market,Italy,withdrawal from the market,distribution restricted to notifying country,undecided,Tunisia
,,,,,bivalve molluscs and products thereof,15/11/2011,information for attention,border control - consignment released,Italy,informing authorities,product already consumed,undecided,Tunisia
,,,,,meat and meat products (other than poultry),19/2/2014,information for attention,border control - consignment released,Italy,informing authorities,distribution restricted to notifying country,undecided,Tunisia
,,,,,bivalve molluscs and products thereof,23/12/2015,information for attention,border control - consignment released,Portugal,,distribution restricted to notifying country,serious,Tunisia
,,,,,bivalve molluscs and products thereof,15/2/2016,information for attention,border control - consignment released,Italy,informing authorities,distribution restricted to notifying country,serious,Tunisia
,,,,,bivalve molluscs and products thereof,23/5/2016,border rejection,border control - consignment detained,Italy,destruction,product not (yet) placed on the market,serious,Tunisia
,,,,,fish and fish products,18/1/2010,information,border control - consignment released,Germany,destination of the product identified,distribution on the market (possible),undecided,Uganda
,,,,,herbs and spices,13/12/2011,alert,official control on the market,Denmark,withdrawal from the market,distribution to other member countries,undecided,Uganda
,,,,,herbs and spices,4/6/2013,border rejection,border control - consignment detained,Finland,placed under customs seals,product not (yet) placed on the market,serious,Uganda
,,,,,herbs and spices,4/6/2013,border rejection,border control - consignment detained,Finland,,product not (yet) placed on the market,serious,Uganda
,,,,,fruits and vegetables,11/5/2016,border rejection,border control - consignment detained,Finland,official detention,product not (yet) placed on the market,serious,Uganda
,,,,,"nuts, nut products and seeds",17/8/2016,alert,company's own check,Netherlands,withdrawal from the market,distribution to other member countries,serious,Uganda
,,,,,"nuts, nut products and seeds",19/8/2016,alert,company's own check,Netherlands,withdrawal from the market,distribution to other member countries,serious,Uganda
,,,,,"nuts, nut products and seeds",19/8/2016,alert,company's own check,Netherlands,withdrawal from the market,distribution to other member countries,serious,Uganda
,,,,,"nuts, nut products and seeds",16/3/2018,border rejection,border control - consignment detained,Netherlands,import not authorised,product not (yet) placed on the market,serious,Uganda
,,,,,"nuts, nut products and seeds",1/8/2018,border rejection,border control - consignment detained,Germany,re-dispatch,product not (yet) placed on the market,serious,Uganda
,,,,,"nuts, nut products and seeds",3/8/2018,border rejection,border control - consignment detained,Germany,re-dispatch,product not (yet) placed on the market,serious,Uganda
,,,,,"nuts, nut products and seeds",20/8/2018,border rejection,border control - consignment detained,Germany,import not authorised,product not (yet) placed on the market,serious,Uganda
,,,,,"nuts, nut products and seeds",20/8/2018,border rejection,border control - consignment detained,Germany,import not authorised,product not (yet) placed on the market,serious,Uganda
,,,,,"nuts, nut products and seeds",21/8/2018,border rejection,border control - consignment detained,Germany,physical/chemical treatment,product not (yet) placed on the market,serious,Uganda
,,,,,"nuts, nut products and seeds",15/1/2019,border rejection,border control - consignment detained,Netherlands,official detention,product not (yet) placed on the market,serious,Uganda
,,,,,"nuts, nut products and seeds",27/3/2019,border rejection,border control - consignment detained,Netherlands,official detention,product not (yet) placed on the market,serious,Uganda
,,,,,"nuts, nut products and seeds",2/5/2019,border rejection,border control - consignment detained,Netherlands,official detention,product not (yet) placed on the market,serious,Uganda
,,,,,"nuts, nut products and seeds",8/5/2019,border rejection,border control - consignment detained,Netherlands,physical/chemical treatment,product not (yet) placed on the market,serious,Uganda
,,,,,"nuts, nut products and seeds",14/5/2019,border rejection,border control - consignment detained,Netherlands,official detention,product not (yet) placed on the market,serious,Uganda
,,,,,"nuts, nut products and seeds",21/5/2019,border rejection,border control - consignment detained,Netherlands,official detention,product not (yet) placed on the market,serious,Uganda
,,,,,"nuts, nut products and seeds",3/6/2019,border rejection,border control - consignment detained,Netherlands,official detention,product not (yet) placed on the market,serious,Uganda
,,,,,"nuts, nut products and seeds",5/6/2019,border rejection,border control - consignment detained,Netherlands,official detention,product not (yet) placed on the market,serious,Uganda
,,,,,"nuts, nut products and seeds",5/6/2019,border rejection,border control - consignment detained,Germany,physical/chemical treatment,product not (yet) placed on the market,serious,Uganda
,,,,,"nuts, nut products and seeds",18/6/2019,border rejection,border control - consignment detained,Netherlands,official detention,product not (yet) placed on the market,serious,Uganda
,,,,,"nuts, nut products and seeds",19/6/2019,border rejection,border control - consignment detained,Netherlands,physical/chemical treatment,product not (yet) placed on the market,serious,Uganda
,,,,,"nuts, nut products and seeds",27/6/2019,border rejection,border control - consignment detained,Netherlands,official detention,product not (yet) placed on the market,serious,Uganda
,,,,,"nuts, nut products and seeds",1/7/2019,border rejection,border control - consignment detained,Netherlands,physical/chemical treatment,product not (yet) placed on the market,serious,Uganda
,,,,,"nuts, nut products and seeds",8/7/2019,border rejection,border control - consignment detained,Germany,re-dispatch,product not (yet) placed on the market,serious,Uganda
,,,,,"nuts, nut products and seeds",8/7/2019,border rejection,border control - consignment detained,Germany,re-dispatch,product not (yet) placed on the market,serious,Uganda
,,,,,"nuts, nut products and seeds",10/7/2019,border rejection,border control - consignment detained,Germany,physical/chemical treatment,product not (yet) placed on the market,serious,Uganda
,,,,,herbs and spices,7/8/2019,alert,official control on the market,United Kingdom,recall from consumers,distribution to other member countries,serious,Uganda
,,,,,"nuts, nut products and seeds",29/8/2019,border rejection,border control - consignment detained,Netherlands,official detention,product not (yet) placed on the market,serious,Uganda
,,,,,"nuts, nut products and seeds",18/11/2019,border rejection,border control - consignment detained,Netherlands,physical/chemical treatment,product not (yet) placed on the market,serious,Uganda
,,,,,"nuts, nut products and seeds",24/12/2019,border rejection,border control - consignment detained,Netherlands,physical/chemical treatment,product not (yet) placed on the market,serious,Uganda
,,,,,"nuts, nut products and seeds",30/12/2019,border rejection,border control - consignment detained,Germany,re-dispatch,product not (yet) placed on the market,serious,Uganda
,,,,,meat and meat products (other than poultry),17/7/2018,information for follow-up,official control on the market,Netherlands,informing consignor,distribution to other member countries,not serious,Zimbabwe